id,start_id,start_latitude,start_longitude,start_tracked_at,end_id,end_latitude,end_longitude,end_tracked_at,distance,duration,max_speed,idle_duration,score,idles_id,idles_latitude,idles_longitude,idles_tracked_at,idles_voltage,idles_distance,histories_id,histories_latitude,histories_longitude,histories_tracked_at,histories_speed,histories_voltage,histories_distance,violations
3728,311077,3.2348941,101.4066433,"2019-02-23 01:46:01",311120,3.2315591,101.4271938,"2019-02-23 01:57:37",4918,696,39.956818,12.682404321951,0,100,311079,3.2349598,101.4067166,"2019-02-23 01:46:59",4.859613,13621,13,311080,3.2349686,101.4066881,"2019-02-23 01:47:00",8.099355,13658,3,311081,3.2354005,101.4060536,"2019-02-23 01:47:17",4.859613,13633,86,311082,3.2353675,101.40599,"2019-02-23 01:47:19",11.339097,13629,8,311083,3.2336573,101.4047281,"2019-02-23 01:47:50",15.658752,13573,236,311084,3.233264,101.4044624,"2019-02-23 01:48:17",7.5593977,13649,53,311085,3.2331165,101.4045278,"2019-02-23 01:48:19",15.118795,13518,11,311086,3.2309196,101.4063916,"2019-02-23 01:48:49",36.177116,13982,327,311087,3.2299316,101.407271,"2019-02-23 01:49:02",12.958967,13657,148,311088,3.2299465,101.4073894,"2019-02-23 01:49:04",14.578838,13591,13,311089,3.2330708,101.4096971,"2019-02-23 01:49:34",9.179269,13251,432,311090,3.2360621,101.4114929,"2019-02-23 01:50:04",12.419011,13716,385,311091,3.2368431,101.4121041,"2019-02-23 01:50:18",11.879054,13644,110,311092,3.2372673,101.4122143,"2019-02-23 01:50:25",15.658752,13612,57,311093,3.2373143,101.4123541,"2019-02-23 01:50:27",16.738667,13630,16,311094,3.2372378,101.4125751,"2019-02-23 01:50:30",18.358538,13607,27,311095,3.2370733,101.4126573,"2019-02-23 01:50:32",19.978409,13523,21,311096,3.2367093,101.4128105,"2019-02-23 01:50:36",23.758108,13697,44,311097,3.2337771,101.4152815,"2019-02-23 01:51:06",9.179269,13434,436,311098,3.2336313,101.4153835,"2019-02-23 01:51:10",13.498924,13557,21,311099,3.2336038,101.4154493,"2019-02-23 01:51:11",16.19871,13645,8,311100,3.2336406,101.4158476,"2019-02-23 01:51:15",26.997849,13682,44,311101,3.2347223,101.4191481,"2019-02-23 01:51:45",39.956818,13755,386,311102,3.2364586,101.4226561,"2019-02-23 01:52:15",26.997849,13717,437,311103,3.2379726,101.4250601,"2019-02-23 01:52:45",23.758108,13589,316,311104,3.2386455,101.4261473,"2019-02-23 01:53:05",9.179269,13640,142,311105,3.2386076,101.4262371,"2019-02-23 01:53:07",13.498924,13540,11,311106,3.2369396,101.4268148,"2019-02-23 01:53:37",0,13693,196,311107,3.2369396,101.4268148,"2019-02-23 01:54:00",4.319656,13707,0,311108,3.2331973,101.4273985,"2019-02-23 01:54:30",8.099355,13564,422,311109,3.2330871,101.4274286,"2019-02-23 01:54:58",5.939527,13738,5,311110,3.2330213,101.4274583,"2019-02-23 01:54:59",14.578838,13711,16,311111,3.230641,101.4284355,"2019-02-23 01:55:22",5.39957,13650,288,311112,3.2305955,101.428468,"2019-02-23 01:55:38",3.2397418,13531,2,311113,3.2305545,101.4284404,"2019-02-23 01:55:40",7.5593977,13588,0,311114,3.230557,101.4284051,"2019-02-23 01:55:41",9.179269,13502,0,311115,3.2316189,101.4275933,"2019-02-23 01:55:58",8.099355,13258,155,311116,3.2315833,101.4274771,"2019-02-23 01:56:02",4.859613,13435,14,311117,3.2315201,101.4272636,"2019-02-23 01:56:12",5.39957,13008,25,311118,3.2315466,101.4272301,"2019-02-23 01:56:42",0,13678,4,311120,3.2315591,101.4271938,"2019-02-23 01:57:37",4.859613,13601,0
3736,311123,3.2314581,101.4271391,"2019-02-23 02:00:56",311127,3.2316513,101.4269638,"2019-02-23 02:01:17",46,21,6.4794836,4.9946021,0,100,311124,3.2316349,101.4271565,"2019-02-23 02:01:09",3.7796988,13496,22,311125,3.2316501,101.4271376,"2019-02-23 02:01:10",5.39957,13219,3,311126,3.2316858,101.4270415,"2019-02-23 02:01:13",6.4794836,13507,11,311127,3.2316513,101.4269638,"2019-02-23 02:01:17",4.319656,13561,10
3737,311130,3.2316755,101.427016,"2019-02-23 02:04:55",311160,3.2348793,101.4066843,"2019-02-23 02:12:13",3923,438,35.63716,13.300940313333,0,100,311131,3.2316891,101.4270668,"2019-02-23 02:05:04",5.39957,13310,11,311132,3.2317168,101.427106,"2019-02-23 02:05:05",4.859613,13462,9,311133,3.231829,101.4273086,"2019-02-23 02:05:12",6.4794836,13404,26,311134,3.2322316,101.4274828,"2019-02-23 02:05:25",10.259183,13347,49,311135,3.2328113,101.4273061,"2019-02-23 02:05:33",11.879054,13357,68,311136,3.2328665,101.4271966,"2019-02-23 02:05:35",14.038881,13417,14,311137,3.2325033,101.4241791,"2019-02-23 02:06:06",15.658752,13397,342,311138,3.2315711,101.4216056,"2019-02-23 02:06:36",12.958967,13478,304,311139,3.2310551,101.41949,"2019-02-23 02:06:59",19.438452,13557,251,311140,3.230393,101.4193836,"2019-02-23 02:07:07",12.958967,13301,75,311141,3.2302176,101.4193611,"2019-02-23 02:07:11",10.259183,13397,20,311142,3.2301618,101.419267,"2019-02-23 02:07:14",12.958967,13260,12,311143,3.2304223,101.4173081,"2019-02-23 02:07:34",31.857462,13285,221,311144,3.2313056,101.4160783,"2019-02-23 02:07:43",29.157677,13326,155,311145,3.2332608,101.4150761,"2019-02-23 02:08:07",19.438452,13341,264,311146,3.232304,101.4116825,"2019-02-23 02:08:37",35.63716,13496,400,311147,3.2315896,101.4104253,"2019-02-23 02:08:46",35.097202,13495,164,311148,3.2283981,101.4080293,"2019-02-23 02:09:11",10.79914,13359,444,311149,3.2284295,101.4079283,"2019-02-23 02:09:13",12.958967,13420,12,311150,3.2312041,101.406068,"2019-02-23 02:09:43",19.978409,13484,375,311151,3.2332103,101.4043943,"2019-02-23 02:10:12",8.639312,13413,290,311152,3.2332871,101.4044113,"2019-02-23 02:10:13",8.639312,13196,5,311153,3.2334576,101.4045453,"2019-02-23 02:10:43",3.2397418,13496,26,311154,3.2335478,101.4046204,"2019-02-23 02:10:47",4.859613,13317,15,311155,3.2338363,101.4048108,"2019-02-23 02:10:53",16.19871,13476,39,311156,3.23548,101.4060355,"2019-02-23 02:11:22",5.939527,13420,228,311157,3.2354591,101.4061031,"2019-02-23 02:11:23",10.259183,13430,8,311158,3.2349546,101.406682,"2019-02-23 02:11:40",4.859613,12869,85,311159,3.2349048,101.4066965,"2019-02-23 02:11:42",4.319656,13168,6,311160,3.2348793,101.4066843,"2019-02-23 02:12:13",0,13301,3
3738,311164,3.2349008,101.4066486,"2019-02-23 08:03:28",311315,3.3629703,101.3470531,"2019-02-23 08:49:10",36590,2742,55.07561,25.8879376875,206,100,311165,3.2349008,101.4066486,"2019-02-23 08:03:58",13068,0,311172,3.2349908,101.4066543,"2019-02-23 08:07:24",3.2397418,12985,0,311173,3.234998,101.4066416,"2019-02-23 08:07:25",3.2397418,13044,0,311174,3.2354301,101.4060384,"2019-02-23 08:07:48",5.39957,13053,76,311175,3.2354085,101.405969,"2019-02-23 08:07:50",9.719226,13060,12,311176,3.2339453,101.404881,"2019-02-23 08:08:21",13.498924,13080,203,311177,3.2332651,101.4044265,"2019-02-23 08:08:42",10.259183,13013,91,311178,3.2331655,101.4044863,"2019-02-23 08:08:44",15.658752,13069,13,311179,3.230807,101.4064885,"2019-02-23 08:09:14",34.557247,12975,344,311180,3.2299366,101.4072906,"2019-02-23 08:09:28",11.339097,12999,132,311181,3.229982,101.4073906,"2019-02-23 08:09:30",13.498924,13091,13,311182,3.2331368,101.4096986,"2019-02-23 08:10:00",9.179269,13118,434,311183,3.2359218,101.4113568,"2019-02-23 08:10:25",22.678194,13000,362,311184,3.2369598,101.4121235,"2019-02-23 08:10:42",14.578838,13035,146,311185,3.2373091,101.4122376,"2019-02-23 08:10:46",17.278624,12866,35,311186,3.2373348,101.4124046,"2019-02-23 08:10:49",19.438452,12969,28,311187,3.2372488,101.4125725,"2019-02-23 08:10:50",21.058323,12864,10,311188,3.2370691,101.4126625,"2019-02-23 08:10:52",23.758108,12989,33,311189,3.2365846,101.4129236,"2019-02-23 08:10:57",28.61772,13122,48,311190,3.2335998,101.4154486,"2019-02-23 08:11:27",10.259183,13081,458,311191,3.2335965,101.4156266,"2019-02-23 08:11:29",15.658752,13162,6,311192,3.2343618,101.4182941,"2019-02-23 08:11:59",30.777548,13046,322,311193,3.2358473,101.42174,"2019-02-23 08:12:29",28.077763,13058,418,311194,3.2378605,101.4249281,"2019-02-23 08:12:59",32.39742,12992,418,311195,3.2393283,101.427214,"2019-02-23 08:13:29",0.539957,12930,301,311196,3.2393283,101.427214,"2019-02-23 08:13:53",4.319656,12998,0,311197,3.2412593,101.4302816,"2019-02-23 08:14:23",41.576687,13080,403,311198,3.2431131,101.434473,"2019-02-23 08:14:46",39.956818,13055,516,311199,3.24242,101.4375961,"2019-02-23 08:15:03",43.19656,13041,360,311200,3.2401611,101.4415321,"2019-02-23 08:15:27",41.576687,13059,504,311201,3.2379221,101.4453175,"2019-02-23 08:15:57",19.978409,13037,488,311202,3.2376188,101.4457938,"2019-02-23 08:16:15",8.099355,13039,61,311203,3.2343098,101.4489486,"2019-02-23 08:16:39",46.436302,12967,513,311204,3.2320175,101.4505086,"2019-02-23 08:17:09",32.39742,13047,308,311205,3.2299991,101.4524103,"2019-02-23 08:17:26",19.438452,12797,300,311206,3.2299801,101.4525648,"2019-02-23 08:17:28",15.658752,12960,28,311207,3.2300715,101.4526921,"2019-02-23 08:17:31",18.898495,12978,18,311208,3.231888,101.4540196,"2019-02-23 08:18:02",5.39957,13013,248,311209,3.2337781,101.4553628,"2019-02-23 08:18:32",26.997849,13028,259,311210,3.2372743,101.4580905,"2019-02-23 08:19:02",33.477333,13052,493,311211,3.2407328,101.461014,"2019-02-23 08:19:32",36.177116,13050,503,311212,3.243589,101.4644476,"2019-02-23 08:20:02",29.697634,13038,497,311213,3.2454973,101.4683165,"2019-02-23 08:20:32",25.37798,13025,479,311214,3.2467396,101.4714421,"2019-02-23 08:21:02",25.37798,12894,374,311215,3.2470793,101.4720386,"2019-02-23 08:21:10",12.958967,12838,77,311216,3.2472145,101.4720638,"2019-02-23 08:21:12",17.278624,12893,15,311217,3.2512988,101.4703405,"2019-02-23 08:21:42",37.25703,12964,493,311218,3.2551006,101.4680485,"2019-02-23 08:22:12",26.457891,12934,495,311219,3.2577876,101.4652911,"2019-02-23 08:22:42",25.917934,12849,428,311220,3.2590085,101.4644409,"2019-02-23 08:23:12",21.59828,12934,166,311221,3.2598726,101.4639688,"2019-02-23 08:23:42",0,12883,109,311222,3.2598726,101.4639688,"2019-02-23 08:23:50",3.7796988,12914,0,311223,3.2617186,101.4626898,"2019-02-23 08:24:07",41.03673,12921,255,311224,3.262454,101.4608258,"2019-02-23 08:24:18",41.03673,12977,225,311225,3.2631201,101.4586141,"2019-02-23 08:24:30",41.03673,12883,260,311226,3.2669864,101.4558546,"2019-02-23 08:24:56",46.976257,12997,485,311227,3.2711743,101.4539401,"2019-02-23 08:25:19",45.356388,12922,563,311228,3.2731096,101.453645,"2019-02-23 08:25:28",40.496773,12998,221,311229,3.2746543,101.4541211,"2019-02-23 08:25:38",37.25703,12915,183,311230,3.2779846,101.4529415,"2019-02-23 08:25:56",35.097202,12980,398,311231,3.2809049,101.449368,"2019-02-23 08:26:24",26.997849,12960,513,311232,3.2818875,101.448423,"2019-02-23 08:26:34",28.077763,12922,153,311233,3.2826203,101.4480316,"2019-02-23 08:26:41",30.23759,12921,94,311234,3.2848173,101.4445178,"2019-02-23 08:27:11",28.077763,12910,469,311235,3.2849623,101.4440785,"2019-02-23 08:27:14",23.758108,12947,52,311236,3.2849891,101.4434926,"2019-02-23 08:27:20",21.59828,12881,57,311237,3.2852575,101.4433273,"2019-02-23 08:27:24",24.298065,12878,47,311238,3.2856886,101.4433583,"2019-02-23 08:27:28",22.678194,12737,48,311239,3.2861388,101.4434276,"2019-02-23 08:27:31",26.457891,12920,51,311240,3.2873808,101.4429106,"2019-02-23 08:27:40",28.61772,12932,151,311241,3.2878286,101.4425436,"2019-02-23 08:27:46",21.59828,12843,66,311242,3.2880089,101.4426106,"2019-02-23 08:27:48",21.59828,12903,22,311243,3.2881105,101.4427911,"2019-02-23 08:27:49",24.298065,12775,23,311244,3.288277,101.4432301,"2019-02-23 08:27:53",24.298065,12862,53,311245,3.288366,101.4433021,"2019-02-23 08:27:54",24.838022,12889,12,311246,3.289747,101.4436045,"2019-02-23 08:28:04",28.077763,12847,158,311247,3.2901925,101.4433965,"2019-02-23 08:28:08",28.61772,12783,56,311248,3.2901971,101.443126,"2019-02-23 08:28:10",26.997849,12827,31,311249,3.2901335,101.4430101,"2019-02-23 08:28:11",26.997849,12916,15,311250,3.2893693,101.4422735,"2019-02-23 08:28:20",24.298065,12845,123,311251,3.2895405,101.4420196,"2019-02-23 08:28:22",23.758108,12944,23,311252,3.2905271,101.4416339,"2019-02-23 08:28:31",27.537806,12887,133,311253,3.2910091,101.4410201,"2019-02-23 08:28:37",26.457891,12941,92,311254,3.2933571,101.4410076,"2019-02-23 08:28:52",40.496773,12884,265,311255,3.2941884,101.4411863,"2019-02-23 08:28:56",35.63716,12839,96,311256,3.2968393,101.4398595,"2019-02-23 08:29:14",38.876904,12923,332,311257,3.3007366,101.4376118,"2019-02-23 08:29:40",34.017292,12844,506,311258,3.3015195,101.4372741,"2019-02-23 08:29:46",30.23759,12956,97,311259,3.301697,101.4368281,"2019-02-23 08:29:49",38.876904,12801,54,311260,3.3029411,101.4332703,"2019-02-23 08:30:19",24.838022,12991,421,311261,3.303885,101.430559,"2019-02-23 08:30:43",14.038881,12882,319,311262,3.3053828,101.4287274,"2019-02-23 08:31:13",21.59828,12941,270,311263,3.3072928,101.4262223,"2019-02-23 08:31:43",21.59828,12900,350,311264,3.309087,101.423865,"2019-02-23 08:32:14",18.898495,12912,329,311265,3.3107048,101.4217116,"2019-02-23 08:32:45",28.077763,12989,299,311266,3.3130568,101.4186245,"2019-02-23 08:33:15",17.278624,12916,431,311267,3.3145055,101.4162101,"2019-02-23 08:33:45",23.758108,12941,314,311268,3.314126,101.4123811,"2019-02-23 08:34:16",35.63716,12972,430,311269,3.3133786,101.4077653,"2019-02-23 08:34:41",41.03673,12982,519,311270,3.3126773,101.4031761,"2019-02-23 08:35:05",44.276474,12969,492,311271,3.3119158,101.398597,"2019-02-23 08:35:26",46.436302,13005,538,311272,3.3111708,101.3939996,"2019-02-23 08:35:48",46.436302,13000,517,311273,3.3103806,101.3891555,"2019-02-23 08:36:10",46.436302,13025,520,311274,3.3096416,101.3846351,"2019-02-23 08:36:39",25.917934,12961,532,311275,3.3092383,101.382,"2019-02-23 08:37:03",11.879054,12822,299,311276,3.3093358,101.3819501,"2019-02-23 08:37:05",11.879054,12869,12,311277,3.3138231,101.3819753,"2019-02-23 08:37:35",51.295914,13026,499,311278,3.318332,101.3819418,"2019-02-23 08:37:54",53.995697,13017,501,311279,3.3229538,101.3819206,"2019-02-23 08:38:14",50.75596,13055,513,311280,3.3274951,101.3819175,"2019-02-23 08:38:33",48.59613,13044,505,311281,3.3321381,101.3819266,"2019-02-23 08:38:52",53.995697,13282,516,311282,3.3367683,101.381936,"2019-02-23 08:39:10",55.07561,13075,515,311283,3.34136,101.3819306,"2019-02-23 08:39:28",51.83587,13356,510,311284,3.346037,101.3819296,"2019-02-23 08:39:50",55.07561,13085,520,311285,3.3506923,101.3819326,"2019-02-23 08:40:08",52.375828,13104,517,311286,3.3552096,101.3819255,"2019-02-23 08:40:29",44.276474,13080,502,311287,3.3598608,101.3819331,"2019-02-23 08:40:49",50.75596,13307,517,311288,3.3643781,101.3819265,"2019-02-23 08:41:10",41.576687,13000,480,311289,3.3689085,101.3819153,"2019-02-23 08:41:34",38.336945,13315,525,311290,3.3709,101.3819083,"2019-02-23 08:41:51",5.939527,12789,222,311291,3.3709501,101.3818643,"2019-02-23 08:41:54",5.939527,12777,7,311292,3.3709461,101.3817316,"2019-02-23 08:41:56",14.038881,12893,15,311293,3.369237,101.3775461,"2019-02-23 08:42:23",46.976257,13031,502,311294,3.3675536,101.3733233,"2019-02-23 08:42:44",37.25703,13264,504,311295,3.3658418,101.3689456,"2019-02-23 08:43:09",47.516216,13317,522,311296,3.3640943,101.3646629,"2019-02-23 08:43:32",43.19656,13274,513,311297,3.3623603,101.360206,"2019-02-23 08:44:01",31.317505,12954,531,311298,3.3612165,101.3572358,"2019-02-23 08:44:32",29.697634,13132,353,311299,3.3603068,101.3533548,"2019-02-23 08:45:02",28.077763,13186,447,311300,3.3599236,101.3494461,"2019-02-23 08:45:32",33.477333,13024,435,311301,3.3596446,101.3465101,"2019-02-23 08:46:02",14.038881,12853,328,311302,3.3595936,101.3461948,"2019-02-23 08:46:32",0.539957,12809,32,311303,3.3595976,101.3461891,"2019-02-23 08:46:53",3.2397418,12369,0,311304,3.359638,101.3461701,"2019-02-23 08:46:55",5.39957,11881,0,311305,3.3597465,101.3462105,"2019-02-23 08:47:01",3.2397418,12808,17,311306,3.3597286,101.3462358,"2019-02-23 08:47:02",5.39957,12910,4,311307,3.359694,101.346367,"2019-02-23 08:47:04",12.419011,12529,15,311308,3.3597125,101.3467418,"2019-02-23 08:47:34",0,12943,41,311309,3.3596838,101.3467628,"2019-02-23 08:47:35",3.2397418,12712,0,311310,3.3596486,101.3468144,"2019-02-23 08:47:39",4.319656,12967,11,311311,3.3596621,101.3474868,"2019-02-23 08:47:53",7.5593977,12934,76,311312,3.3596953,101.3475115,"2019-02-23 08:47:54",7.0194407,12931,5,311313,3.361537,101.347372,"2019-02-23 08:48:21",5.39957,12838,203,311314,3.3627625,101.3472046,"2019-02-23 08:48:51",10.79914,12842,141,311315,3.3629703,101.3470531,"2019-02-23 08:49:10",3.2397418,12886,34
3739,311318,3.3629388,101.3470061,"2019-02-23 11:00:44",311436,3.2009495,101.3059053,"2019-02-23 11:39:28",28345,2324,56.695484,21.4280226,0,100,311322,3.3629635,101.3470945,"2019-02-23 11:02:44",1.6198709,12954,0,311323,3.3629536,101.347157,"2019-02-23 11:02:50",3.7796988,12880,17,311324,3.3629378,101.3471666,"2019-02-23 11:02:51",3.7796988,12873,2,311325,3.3617836,101.3473058,"2019-02-23 11:03:22",8.639312,12976,130,311326,3.3604083,101.3474495,"2019-02-23 11:03:52",9.179269,13003,153,311327,3.3597398,101.3475053,"2019-02-23 11:04:13",7.0194407,12888,76,311328,3.3597095,101.3474216,"2019-02-23 11:04:15",12.958967,12867,10,311329,3.3593333,101.3427365,"2019-02-23 11:04:40",54.535656,13035,521,311330,3.3589325,101.33798,"2019-02-23 11:04:59",53.45574,13039,502,311331,3.3584651,101.3332855,"2019-02-23 11:05:17",53.995697,13182,551,311332,3.3579823,101.3286343,"2019-02-23 11:05:35",48.59613,13215,519,311333,3.3574523,101.324046,"2019-02-23 11:05:57",46.976257,13169,513,311334,3.3572968,101.3208903,"2019-02-23 11:06:11",43.736515,13196,353,311335,3.35939,101.316656,"2019-02-23 11:06:30",56.695484,13315,524,311336,3.3613978,101.3125131,"2019-02-23 11:06:50",44.276474,13210,511,311337,3.363023,101.3086633,"2019-02-23 11:07:19",26.997849,13163,468,311338,3.3620941,101.3063858,"2019-02-23 11:07:40",5.39957,12996,273,311339,3.3619223,101.305953,"2019-02-23 11:07:53",3.2397418,13115,51,311340,3.36135,101.3041596,"2019-02-23 11:08:15",9.719226,12993,207,311341,3.361425,101.3041191,"2019-02-23 11:08:17",9.179269,12308,15,311342,3.3615181,101.3041235,"2019-02-23 11:08:19",9.719226,12880,10,311343,3.361564,101.3041641,"2019-02-23 11:08:21",3.2397418,13011,7,311344,3.3615578,101.3041776,"2019-02-23 11:08:51",0,12997,1,311348,3.3615166,101.3041688,"2019-02-23 11:10:26",3.7796988,12848,0,311349,3.3615266,101.3041335,"2019-02-23 11:10:28",5.939527,12777,0,311350,3.361571,101.3041026,"2019-02-23 11:10:31",3.2397418,12148,0,311351,3.3613306,101.3041475,"2019-02-23 11:10:46",9.719226,12877,20,311352,3.3612488,101.3040493,"2019-02-23 11:10:48",17.278624,12930,21,311353,3.3605971,101.3023735,"2019-02-23 11:11:17",7.5593977,13035,198,311354,3.3572621,101.3033493,"2019-02-23 11:11:47",33.477333,13142,390,311355,3.3528753,101.3045843,"2019-02-23 11:12:14",39.41686,13173,506,311356,3.3484885,101.305831,"2019-02-23 11:12:41",32.937378,13153,507,311357,3.3438421,101.3071273,"2019-02-23 11:13:09",36.177116,13149,536,311358,3.3394636,101.3083346,"2019-02-23 11:13:38",31.857462,13079,505,311359,3.3350751,101.3094468,"2019-02-23 11:14:07",34.017292,13169,503,311360,3.3306785,101.3106076,"2019-02-23 11:14:34",37.25703,13054,485,311361,3.3262061,101.3118208,"2019-02-23 11:15:03",34.017292,13131,535,311362,3.3218413,101.3130328,"2019-02-23 11:15:30",36.177116,13143,484,311363,3.3174463,101.3142473,"2019-02-23 11:15:56",36.177116,13138,526,311364,3.3130716,101.315506,"2019-02-23 11:16:24",34.557247,13165,487,311365,3.3097753,101.3164738,"2019-02-23 11:16:54",3.7796988,13014,381,311366,3.309755,101.3164921,"2019-02-23 11:17:25",0,12980,3,311367,3.3097221,101.3165106,"2019-02-23 11:17:27",3.2397418,12999,0,311368,3.3096009,101.3165113,"2019-02-23 11:17:53",9.719226,13246,14,311369,3.3095088,101.3164011,"2019-02-23 11:17:55",22.678194,13138,12,311370,3.308425,101.3128518,"2019-02-23 11:18:25",18.898495,13137,421,311371,3.3072525,101.309155,"2019-02-23 11:18:55",28.61772,13141,430,311372,3.3057898,101.3048016,"2019-02-23 11:19:24",35.63716,13140,510,311373,3.3042705,101.3004578,"2019-02-23 11:19:53",34.557247,13162,511,311374,3.3028396,101.2960738,"2019-02-23 11:20:24",31.317505,13186,512,311375,3.3013849,101.291765,"2019-02-23 11:20:49",38.336945,13099,504,311376,3.3006846,101.2899675,"2019-02-23 11:21:20",13.498924,13060,216,311377,3.3005768,101.289834,"2019-02-23 11:21:50",0,13071,19,311379,3.3005596,101.2898079,"2019-02-23 11:22:43",4.859613,13091,0,311380,3.2999485,101.2894448,"2019-02-23 11:22:55",20.518366,13163,85,311381,3.2995385,101.2896541,"2019-02-23 11:22:58",28.077763,13127,52,311382,3.2957618,101.292267,"2019-02-23 11:23:26",38.876904,13148,510,311383,3.2914991,101.2940023,"2019-02-23 11:23:51",40.496773,13147,518,311384,3.2873419,101.2960035,"2019-02-23 11:24:16",40.496773,13158,496,311385,3.282895,101.2972143,"2019-02-23 11:24:40",42.116646,13151,533,311386,3.2784886,101.2984451,"2019-02-23 11:25:03",41.576687,13136,508,311387,3.2740005,101.298964,"2019-02-23 11:25:33",38.336945,13129,504,311388,3.2694015,101.2992864,"2019-02-23 11:25:58",40.496773,13186,512,311389,3.2679831,101.2995953,"2019-02-23 11:26:06",34.557247,13154,164,311390,3.2643408,101.3022474,"2019-02-23 11:26:35",29.157677,13149,500,311391,3.2609381,101.3047248,"2019-02-23 11:27:06",25.917934,13141,467,311392,3.2582958,101.3066531,"2019-02-23 11:27:36",23.758108,13119,364,311393,3.2558085,101.3085296,"2019-02-23 11:28:06",23.218151,13077,346,311394,3.2547948,101.3093271,"2019-02-23 11:28:23",4.859613,13003,144,311395,3.2547758,101.309441,"2019-02-23 11:28:30",3.7796988,12668,13,311396,3.2547116,101.3095161,"2019-02-23 11:28:35",4.319656,12698,11,311397,3.2546741,101.3095135,"2019-02-23 11:28:37",3.7796988,12655,5,311398,3.2546665,101.3094908,"2019-02-23 11:29:08",0,12941,2,311399,3.2546943,101.30947,"2019-02-23 11:29:28",6.4794836,12817,0,311400,3.254958,101.309382,"2019-02-23 11:29:35",3.7796988,12720,38,311401,3.2549615,101.3094118,"2019-02-23 11:30:05",0,13165,3,311402,3.2549573,101.3094283,"2019-02-23 11:30:34",3.7796988,12872,0,311403,3.2549201,101.309509,"2019-02-23 11:30:36",7.0194407,12615,0,311404,3.2548243,101.3095743,"2019-02-23 11:30:41",4.319656,12795,24,311405,3.2547833,101.309569,"2019-02-23 11:30:43",4.319656,12508,5,311406,3.2545963,101.3094313,"2019-02-23 11:30:57",5.39957,12932,21,311407,3.2513885,101.3117926,"2019-02-23 11:31:27",32.39742,12955,447,311408,3.2476496,101.3145111,"2019-02-23 11:31:54",41.576687,13170,513,311409,3.2455791,101.3155756,"2019-02-23 11:32:07",38.876904,13129,262,311410,3.2410009,101.3154528,"2019-02-23 11:32:36",38.336945,13160,509,311411,3.2363928,101.3153095,"2019-02-23 11:32:56",46.436302,13159,513,311412,3.2316953,101.3152021,"2019-02-23 11:33:18",44.81643,13182,522,311413,3.2270418,101.3151071,"2019-02-23 11:33:41",39.956818,13143,517,311414,3.225407,101.3150553,"2019-02-23 11:33:54",12.419011,12930,176,311415,3.2253498,101.3149648,"2019-02-23 11:33:56",12.958967,13020,12,311416,3.2257373,101.311845,"2019-02-23 11:34:26",30.777548,13176,357,311417,3.2260203,101.3071785,"2019-02-23 11:34:56",36.177116,13130,521,311418,3.2260168,101.3056055,"2019-02-23 11:35:08",9.179269,13044,175,311419,3.2259468,101.3055761,"2019-02-23 11:35:10",9.179269,13103,9,311420,3.2236056,101.3054608,"2019-02-23 11:35:40",29.157677,13152,261,311421,3.2203685,101.3053715,"2019-02-23 11:36:02",26.457891,13120,363,311422,3.215863,101.30635,"2019-02-23 11:36:32",35.63716,13130,515,311423,3.2113183,101.3067298,"2019-02-23 11:37:02",35.097202,13164,523,311424,3.2098455,101.3067545,"2019-02-23 11:37:12",23.218151,13148,153,311425,3.2068993,101.3078771,"2019-02-23 11:37:41",12.958967,13060,381,311426,3.2067926,101.3090473,"2019-02-23 11:37:55",6.4794836,12994,131,311427,3.2066983,101.3090648,"2019-02-23 11:37:57",14.578838,13135,11,311428,3.2023121,101.3090433,"2019-02-23 11:38:28",33.477333,12862,488,311429,3.2010266,101.3089786,"2019-02-23 11:38:40",9.179269,12994,140,311430,3.2009981,101.3088723,"2019-02-23 11:38:43",15.658752,13093,16,311431,3.201115,101.3060583,"2019-02-23 11:39:11",5.39957,12953,310,311432,3.2011511,101.3059828,"2019-02-23 11:39:16",4.859613,12997,12,311433,3.2011375,101.305922,"2019-02-23 11:39:18",3.7796988,12158,5,311434,3.2010665,101.3058618,"2019-02-23 11:39:22",5.39957,12828,13,311435,3.2009743,101.3058719,"2019-02-23 11:39:26",4.319656,12566,8,311436,3.2009495,101.3059053,"2019-02-23 11:39:28",4.859613,12903,7
3740,311439,3.200948,101.3059621,"2019-02-23 12:24:21",311459,3.2244505,101.3055616,"2019-02-23 12:29:35",3155,314,33.477333,14.25486433,0,100,311440,3.2010126,101.3059781,"2019-02-23 12:24:35",3.2397418,12895,0,311441,3.2011076,101.3059986,"2019-02-23 12:24:42",4.859613,12795,19,311442,3.2011314,101.3060464,"2019-02-23 12:24:44",6.4794836,12892,6,311443,3.2010476,101.3082856,"2019-02-23 12:25:15",23.218151,12862,249,311444,3.2010489,101.3089938,"2019-02-23 12:25:23",7.5593977,12853,79,311445,3.2011835,101.3090133,"2019-02-23 12:25:26",11.879054,12811,15,311446,3.2045243,101.3091211,"2019-02-23 12:25:56",26.457891,12919,372,311447,3.2067846,101.3090405,"2019-02-23 12:26:16",9.179269,12849,252,311448,3.2068135,101.309011,"2019-02-23 12:26:17",7.5593977,12867,4,311449,3.2068201,101.3089169,"2019-02-23 12:26:19",11.879054,12851,11,311450,3.2069441,101.3077713,"2019-02-23 12:26:31",13.498924,13020,129,311451,3.2071635,101.3077111,"2019-02-23 12:26:33",19.978409,12930,25,311452,3.2090566,101.3075056,"2019-02-23 12:26:49",23.218151,12981,214,311453,3.2101031,101.3066881,"2019-02-23 12:27:01",22.138237,12970,150,311454,3.2139843,101.306943,"2019-02-23 12:27:31",25.917934,13028,438,311455,3.2180363,101.3058975,"2019-02-23 12:28:02",33.477333,13092,466,311456,3.2224365,101.3053716,"2019-02-23 12:28:32",26.457891,13027,501,311457,3.2243276,101.3055108,"2019-02-23 12:29:02",3.7796988,12970,211,311458,3.2243816,101.3055286,"2019-02-23 12:29:05",4.319656,12820,6,311459,3.2244505,101.3055616,"2019-02-23 12:29:35",0,12511,8
3741,311462,3.2244505,101.3055616,"2019-02-23 14:01:30",311557,3.2348701,101.4066733,"2019-02-23 14:29:35",17636,1685,46.436302,17.438156373864,93,100,311477,3.2254058,101.3148269,"2019-02-23 14:07:26",13006,0,311465,3.2254111,101.3054301,"2019-02-23 14:03:00",0,12948,107,311466,3.225211,101.3054795,"2019-02-23 14:03:30",0,13015,22,311468,3.2252716,101.3055433,"2019-02-23 14:04:08",3.2397418,12915,0,311469,3.2252875,101.3055486,"2019-02-23 14:04:09",4.319656,13035,11,311470,3.226052,101.3055913,"2019-02-23 14:04:40",7.0194407,13041,87,311471,3.2260684,101.3056303,"2019-02-23 14:04:41",11.879054,13077,4,311472,3.2260471,101.3091048,"2019-02-23 14:05:11",25.37798,13076,386,311473,3.2257641,101.3128845,"2019-02-23 14:05:41",22.138237,13068,423,311474,3.2254786,101.3145283,"2019-02-23 14:06:11",0,13009,185,311475,3.2254786,101.3145283,"2019-02-23 14:06:26",4.859613,12978,0,311476,3.2254058,101.3148269,"2019-02-23 14:06:56",0,13019,34,311481,3.2254096,101.3148486,"2019-02-23 14:08:59",4.319656,12932,0,311482,3.224878,101.3183833,"2019-02-23 14:09:29",34.017292,13089,400,311483,3.2242246,101.3230053,"2019-02-23 14:09:55",43.736515,13149,495,311484,3.2237153,101.327595,"2019-02-23 14:10:20",38.336945,13126,535,311485,3.2233588,101.3322458,"2019-02-23 14:10:47",39.41686,13199,518,311486,3.2239553,101.336919,"2019-02-23 14:11:13",40.496773,13187,523,311487,3.2246051,101.3414395,"2019-02-23 14:11:39",35.097202,13164,507,311488,3.2253038,101.3459475,"2019-02-23 14:12:06",36.717075,13119,491,311489,3.2253183,101.350547,"2019-02-23 14:12:34",36.177116,13157,529,311490,3.225325,101.355176,"2019-02-23 14:13:01",36.717075,13171,514,311491,3.2253255,101.3597911,"2019-02-23 14:13:27",34.557247,13132,512,311492,3.2252966,101.364326,"2019-02-23 14:13:51",32.39742,13032,503,311493,3.2253728,101.3661068,"2019-02-23 14:14:07",8.099355,12987,198,311494,3.2255205,101.3661025,"2019-02-23 14:14:09",13.498924,13032,11,311495,3.2292205,101.3660706,"2019-02-23 14:14:40",31.857462,13133,418,311496,3.2301438,101.3660188,"2019-02-23 14:14:48",11.339097,13082,104,311497,3.2301621,101.3659041,"2019-02-23 14:14:50",14.578838,13121,13,311498,3.2302428,101.3643496,"2019-02-23 14:15:04",16.738667,13072,175,311499,3.2304003,101.3643024,"2019-02-23 14:15:06",19.978409,13169,18,311500,3.2349218,101.364367,"2019-02-23 14:15:36",36.717075,13099,503,311501,3.239469,101.3645151,"2019-02-23 14:16:02",41.03673,13144,485,311502,3.2439998,101.3652786,"2019-02-23 14:16:27",38.876904,13186,532,311503,3.2484831,101.3659763,"2019-02-23 14:16:55",29.157677,13085,504,311504,3.2517708,101.368195,"2019-02-23 14:17:25",29.697634,13158,443,311505,3.2545645,101.3702461,"2019-02-23 14:17:55",22.138237,13116,385,311506,3.2574303,101.3724225,"2019-02-23 14:18:25",8.099355,13061,401,311507,3.2574101,101.3724718,"2019-02-23 14:18:26",12.958967,12739,6,311508,3.2557136,101.3747193,"2019-02-23 14:18:56",28.61772,13188,313,311509,3.253177,101.378097,"2019-02-23 14:19:26",46.436302,13212,469,311510,3.2506285,101.3815438,"2019-02-23 14:19:56",18.898495,13163,475,311511,3.2486108,101.3842495,"2019-02-23 14:20:26",24.838022,13182,375,311512,3.2467883,101.3867233,"2019-02-23 14:20:56",25.37798,13170,341,311513,3.2447025,101.3895306,"2019-02-23 14:21:27",23.218151,13093,389,311514,3.2432208,101.391531,"2019-02-23 14:21:53",4.859613,12976,276,311515,3.2432663,101.3915935,"2019-02-23 14:21:55",10.79914,12947,9,311516,3.2433169,101.3916651,"2019-02-23 14:21:57",8.639312,13025,10,311517,3.2432856,101.3917585,"2019-02-23 14:21:59",13.498924,13046,11,311518,3.2423936,101.3931555,"2019-02-23 14:22:26",6.4794836,13085,185,311519,3.2423778,101.3931893,"2019-02-23 14:22:27",9.719226,13074,4,311520,3.2422251,101.3934548,"2019-02-23 14:22:33",4.859613,13098,34,311521,3.2422498,101.3935753,"2019-02-23 14:22:37",8.639312,13064,15,311522,3.2431683,101.3944291,"2019-02-23 14:22:59",9.179269,12611,141,311523,3.243095,101.3946046,"2019-02-23 14:23:03",6.4794836,13071,22,311524,3.2431616,101.3946611,"2019-02-23 14:23:05",13.498924,13137,9,311525,3.2441926,101.395591,"2019-02-23 14:23:20",18.358538,12928,156,311526,3.2442411,101.3958316,"2019-02-23 14:23:23",17.278624,13104,28,311527,3.244103,101.3961745,"2019-02-23 14:23:27",21.058323,13107,41,311528,3.2432403,101.3973588,"2019-02-23 14:23:43",21.058323,13158,168,311529,3.2427306,101.4004793,"2019-02-23 14:24:13",21.59828,13087,342,311530,3.2421548,101.4019673,"2019-02-23 14:24:32",11.339097,12803,190,311531,3.2422151,101.402362,"2019-02-23 14:24:38",16.738667,13022,46,311532,3.2421083,101.4024778,"2019-02-23 14:24:40",17.81858,13043,18,311533,3.2416285,101.402818,"2019-02-23 14:24:48",21.59828,13100,70,311534,3.2410976,101.4062708,"2019-02-23 14:25:15",16.19871,13127,390,311535,3.241137,101.4066783,"2019-02-23 14:25:21",15.118795,13061,48,311536,3.2409508,101.406812,"2019-02-23 14:25:24",17.278624,13080,26,311537,3.240697,101.4070485,"2019-02-23 14:25:29",23.218151,13164,39,311538,3.2392298,101.4090976,"2019-02-23 14:25:51",8.099355,12903,281,311539,3.239226,101.4090556,"2019-02-23 14:25:52",10.259183,13069,4,311540,3.240711,101.406651,"2019-02-23 14:26:19",15.658752,13110,322,311541,3.239922,101.4055456,"2019-02-23 14:26:32",24.298065,13193,154,311542,3.2376601,101.4041555,"2019-02-23 14:27:02",14.038881,13140,295,311543,3.2354333,101.4030435,"2019-02-23 14:27:25",22.678194,13163,278,311544,3.2347468,101.4032321,"2019-02-23 14:27:31",25.917934,13109,80,311545,3.2333403,101.404358,"2019-02-23 14:27:49",8.099355,12888,201,311546,3.2333616,101.4044503,"2019-02-23 14:27:51",6.4794836,12908,7,311547,3.2334066,101.404501,"2019-02-23 14:28:22",0,13103,7,311548,3.2334306,101.4045158,"2019-02-23 14:28:34",3.7796988,13108,0,311549,3.2334498,101.4045355,"2019-02-23 14:28:35",4.859613,13099,0,311550,3.2334728,101.4045683,"2019-02-23 14:28:36",8.639312,13054,12,311551,3.2335118,101.4045951,"2019-02-23 14:28:37",8.099355,13105,5,311552,3.2351745,101.4057656,"2019-02-23 14:29:07",16.19871,13052,227,311553,3.2354288,101.4060226,"2019-02-23 14:29:14",5.939527,13048,39,311554,3.2351288,101.4064351,"2019-02-23 14:29:25",11.339097,12718,60,311555,3.2349261,101.4066859,"2019-02-23 14:29:32",4.319656,12848,36,311556,3.2348846,101.4066845,"2019-02-23 14:29:34",4.319656,12994,2,311557,3.2348701,101.4066733,"2019-02-23 14:29:35",3.2397418,12593,4

max_speed,distance,violation
56.695484,94613,0

from,to
"2019-02-22 16:00:00","2019-02-23 15:59:59"
